{"cameraMode":{"drawMode":0,"name":"Shaded","section":"Shading Mode"},"sceneLighting":false,"audioPlay":false,"sceneViewState":{"showFog":true,"showMaterialUpdate":false,"showSkybox":true,"showFlares":true,"showImageEffects":true,"showParticleSystems":true},"in2DMode":false,"pivot":{"x":-11.979503631591797,"y":3.0657896995544435,"z":8.883663177490235},"rotation":{"x":0.14502744376659394,"y":0.10687345266342163,"z":-0.015760675072669984,"w":0.9835124611854553},"size":10.196576118469239,"orthographic":false}