{"cameraMode":{"drawMode":0,"name":"Shaded","section":"Shading Mode"},"sceneLighting":false,"audioPlay":false,"sceneViewState":{"showFog":true,"showMaterialUpdate":false,"showSkybox":true,"showFlares":true,"showImageEffects":true,"showParticleSystems":true},"in2DMode":false,"pivot":{"x":0.12971603870391847,"y":1.9469475746154786,"z":1.8326573371887208},"rotation":{"x":0.32381224632263186,"y":-0.5726431608200073,"z":0.26239708065986636,"w":0.7059555053710938},"size":5.067807197570801,"orthographic":false}