{"cameraMode":{"drawMode":0,"name":"Shaded","section":"Shading Mode"},"sceneLighting":false,"audioPlay":false,"sceneViewState":{"showFog":true,"showMaterialUpdate":false,"showSkybox":true,"showFlares":true,"showImageEffects":true,"showParticleSystems":true},"in2DMode":false,"pivot":{"x":0.0,"y":10.171501159667969,"z":2.0865001678466799},"rotation":{"x":0.16937510669231416,"y":-0.7310370802879334,"z":0.19583234190940858,"w":0.631305456161499},"size":55.09101104736328,"orthographic":false}