{"cameraMode":{"drawMode":0,"name":"Shaded","section":"Shading Mode"},"sceneLighting":false,"audioPlay":false,"sceneViewState":{"showFog":true,"showMaterialUpdate":false,"showSkybox":true,"showFlares":true,"showImageEffects":true,"showParticleSystems":true},"in2DMode":false,"pivot":{"x":-4.2015838623046879,"y":-0.3196299076080322,"z":7.520232200622559},"rotation":{"x":0.004138905555009842,"y":-0.9698986411094666,"z":0.24291248619556428,"w":0.01652449183166027},"size":15.175044059753418,"orthographic":false}