{"cameraMode":{"drawMode":0,"name":"Shaded","section":"Shading Mode"},"sceneLighting":false,"audioPlay":false,"sceneViewState":{"showFog":true,"showMaterialUpdate":false,"showSkybox":true,"showFlares":true,"showImageEffects":true,"showParticleSystems":true},"in2DMode":false,"pivot":{"x":0.33350440859794619,"y":3.0491576194763185,"z":0.8249874711036682},"rotation":{"x":0.025336412712931634,"y":-0.9427700638771057,"z":0.07305579632520676,"w":0.3243541419506073},"size":10.49991226196289,"orthographic":false}