{"cameraMode":{"drawMode":0,"name":"Shaded","section":"Shading Mode"},"sceneLighting":false,"audioPlay":false,"sceneViewState":{"showFog":true,"showMaterialUpdate":false,"showSkybox":true,"showFlares":true,"showImageEffects":true,"showParticleSystems":true},"in2DMode":false,"pivot":{"x":-15.866192817687989,"y":-9.146718978881836,"z":20.172760009765626},"rotation":{"x":0.15906068682670594,"y":-0.6867720484733582,"z":0.15769878029823304,"w":0.6915019750595093},"size":18.328723907470704,"orthographic":false}