{"cameraMode":{"drawMode":0,"name":"Shaded","section":"Shading Mode"},"sceneLighting":false,"audioPlay":false,"sceneViewState":{"showFog":true,"showMaterialUpdate":false,"showSkybox":true,"showFlares":true,"showImageEffects":true,"showParticleSystems":true},"in2DMode":false,"pivot":{"x":-12.975312232971192,"y":-0.023533478379249574,"z":7.176008224487305},"rotation":{"x":-0.22247275710105897,"y":0.02112261764705181,"z":-0.004821086768060923,"w":-0.9746981263160706},"size":27.313472747802736,"orthographic":false}