{"cameraMode":{"drawMode":0,"name":"Shaded","section":"Shading Mode"},"sceneLighting":false,"audioPlay":false,"sceneViewState":{"showFog":true,"showMaterialUpdate":false,"showSkybox":true,"showFlares":true,"showImageEffects":true,"showParticleSystems":true},"in2DMode":false,"pivot":{"x":13.6721830368042,"y":-0.02569258213043213,"z":7.661931991577148},"rotation":{"x":0.3291487693786621,"y":-0.0026060582604259254,"z":0.0009088065125979483,"w":0.9442740082740784},"size":5.540617942810059,"orthographic":false}