{"cameraMode":{"drawMode":0,"name":"Shaded","section":"Shading Mode"},"sceneLighting":false,"audioPlay":false,"sceneViewState":{"showFog":true,"showMaterialUpdate":false,"showSkybox":true,"showFlares":true,"showImageEffects":true,"showParticleSystems":true},"in2DMode":false,"pivot":{"x":2.1335201263427736,"y":6.46668815612793,"z":-6.666912078857422},"rotation":{"x":-0.015173830091953278,"y":0.9433598518371582,"z":0.042983878403902057,"w":0.328624963760376},"size":64.7068862915039,"orthographic":false}