{"cameraMode":{"drawMode":0,"name":"Shaded","section":"Shading Mode"},"sceneLighting":true,"audioPlay":false,"sceneViewState":{"showFog":true,"showMaterialUpdate":false,"showSkybox":true,"showFlares":true,"showImageEffects":true,"showParticleSystems":true},"in2DMode":false,"pivot":{"x":0.3073267936706543,"y":-0.7152581214904785,"z":0.33935460448265078},"rotation":{"x":-0.18590474128723145,"y":-0.770389199256897,"z":0.2594972550868988,"w":-0.5519068837165833},"size":9.980022430419922,"orthographic":false}