{"cameraMode":{"drawMode":0,"name":"Shaded","section":"Shading Mode"},"sceneLighting":true,"audioPlay":false,"sceneViewState":{"showFog":true,"showMaterialUpdate":false,"showSkybox":true,"showFlares":true,"showImageEffects":true,"showParticleSystems":true},"in2DMode":false,"pivot":{"x":-2.0953798294067385,"y":-0.24814796447753907,"z":2.073272705078125},"rotation":{"x":0.45709463953971865,"y":-0.02323545329272747,"z":0.011946718208491803,"w":0.8890342116355896},"size":28.582618713378908,"orthographic":false}