{"cameraMode":{"drawMode":0,"name":"Shaded","section":"Shading Mode"},"sceneLighting":true,"audioPlay":false,"sceneViewState":{"showFog":true,"showMaterialUpdate":true,"showSkybox":true,"showFlares":true,"showImageEffects":true,"showParticleSystems":true},"in2DMode":false,"pivot":{"x":0.1819813996553421,"y":0.9964931011199951,"z":-5.548840522766113},"rotation":{"x":0.03977176174521446,"y":-0.28102734684944155,"z":0.011460156179964543,"w":0.9588068127632141},"size":19.657485961914064,"orthographic":false}