{"cameraMode":{"drawMode":0,"name":"Shaded","section":"Shading Mode"},"sceneLighting":false,"audioPlay":false,"sceneViewState":{"showFog":true,"showMaterialUpdate":false,"showSkybox":true,"showFlares":true,"showImageEffects":true,"showParticleSystems":true},"in2DMode":false,"pivot":{"x":13.6721830368042,"y":-0.02569258213043213,"z":7.661931991577148},"rotation":{"x":0.26935476064682009,"y":-0.6457078456878662,"z":0.2615826725959778,"w":0.6648939251899719},"size":16.081302642822267,"orthographic":false}