{"cameraMode":{"drawMode":0,"name":"Shaded","section":"Shading Mode"},"sceneLighting":false,"audioPlay":false,"sceneViewState":{"showFog":true,"showMaterialUpdate":false,"showSkybox":true,"showFlares":true,"showImageEffects":true,"showParticleSystems":true},"in2DMode":false,"pivot":{"x":4.659095287322998,"y":-0.044737815856933597,"z":7.1668009757995609},"rotation":{"x":0.1408894807100296,"y":0.08625414967536926,"z":-0.012322058901190758,"w":0.9861838221549988},"size":10.929880142211914,"orthographic":false}