{"cameraMode":{"drawMode":0,"name":"Shaded","section":"Shading Mode"},"sceneLighting":false,"audioPlay":false,"sceneViewState":{"showFog":true,"showMaterialUpdate":false,"showSkybox":true,"showFlares":true,"showImageEffects":true,"showParticleSystems":true},"in2DMode":false,"pivot":{"x":0.12971603870391847,"y":1.9469475746154786,"z":1.8326573371887208},"rotation":{"x":0.16937510669231416,"y":-0.7310370802879334,"z":0.19583234190940858,"w":0.631305456161499},"size":6.956929683685303,"orthographic":false}