{"cameraMode":{"drawMode":0,"name":"Shaded","section":"Shading Mode"},"sceneLighting":false,"audioPlay":false,"sceneViewState":{"showFog":true,"showMaterialUpdate":true,"showSkybox":true,"showFlares":true,"showImageEffects":true,"showParticleSystems":true},"in2DMode":false,"pivot":{"x":-0.04693770408630371,"y":2.7684192657470705,"z":-11.522640228271485},"rotation":{"x":0.07962971925735474,"y":-0.6979111433029175,"z":0.07828717678785324,"w":0.7074251174926758},"size":4.796238422393799,"orthographic":false}