{"cameraMode":{"drawMode":0,"name":"Shaded","section":"Shading Mode"},"sceneLighting":false,"audioPlay":false,"sceneViewState":{"showFog":true,"showMaterialUpdate":false,"showSkybox":true,"showFlares":true,"showImageEffects":true,"showParticleSystems":true},"in2DMode":false,"pivot":{"x":-4.2015838623046879,"y":-0.3196299076080322,"z":7.520232200622559},"rotation":{"x":0.028878796845674516,"y":-0.6219412684440613,"z":0.022961996495723726,"w":0.7821942567825317},"size":5.702476978302002,"orthographic":false}