{"cameraMode":{"drawMode":0,"name":"Shaded","section":"Shading Mode"},"sceneLighting":false,"audioPlay":false,"sceneViewState":{"showFog":true,"showMaterialUpdate":false,"showSkybox":true,"showFlares":true,"showImageEffects":true,"showParticleSystems":true},"in2DMode":false,"pivot":{"x":13.49388599395752,"y":3.1888225078582765,"z":7.572956085205078},"rotation":{"x":0.04287455230951309,"y":-0.026732005178928376,"z":0.0011479106033220888,"w":0.9987221956253052},"size":19.762983322143556,"orthographic":false}