{"cameraMode":{"drawMode":0,"name":"Shaded","section":"Shading Mode"},"sceneLighting":false,"audioPlay":false,"sceneViewState":{"showFog":true,"showMaterialUpdate":false,"showSkybox":true,"showFlares":true,"showImageEffects":true,"showParticleSystems":true},"in2DMode":false,"pivot":{"x":12.499999046325684,"y":1.0,"z":-0.0000014901161193847657},"rotation":{"x":0.16617463529109956,"y":-0.26601094007492068,"z":0.04640931636095047,"w":0.9484041929244995},"size":43.718746185302737,"orthographic":false}