{"cameraMode":{"drawMode":0,"name":"Shaded","section":"Shading Mode"},"sceneLighting":true,"audioPlay":false,"sceneViewState":{"showFog":true,"showMaterialUpdate":true,"showSkybox":true,"showFlares":true,"showImageEffects":true,"showParticleSystems":true},"in2DMode":false,"pivot":{"x":-2.198148727416992,"y":2.305980682373047,"z":-20.48496437072754},"rotation":{"x":0.15174491703510285,"y":0.028031641617417337,"z":-0.004499997012317181,"w":0.9880118370056152},"size":15.811145782470704,"orthographic":false}