{"cameraMode":{"drawMode":0,"name":"Shaded","section":"Shading Mode"},"sceneLighting":false,"audioPlay":false,"sceneViewState":{"showFog":true,"showMaterialUpdate":false,"showSkybox":true,"showFlares":true,"showImageEffects":true,"showParticleSystems":true},"in2DMode":false,"pivot":{"x":4.659095287322998,"y":-0.044737815856933597,"z":7.1668009757995609},"rotation":{"x":0.043438415974378589,"y":-0.9154793620109558,"z":0.10287512838840485,"w":0.3865583837032318},"size":12.193188667297364,"orthographic":false}