{"cameraMode":{"drawMode":0,"name":"Shaded","section":"Shading Mode"},"sceneLighting":false,"audioPlay":false,"sceneViewState":{"showFog":true,"showMaterialUpdate":false,"showSkybox":true,"showFlares":true,"showImageEffects":true,"showParticleSystems":true},"in2DMode":false,"pivot":{"x":-12.975312232971192,"y":-0.023533478379249574,"z":7.176008224487305},"rotation":{"x":-0.11416301131248474,"y":-0.8258727192878723,"z":0.1806992143392563,"w":-0.5217747092247009},"size":16.989770889282228,"orthographic":false}