{"cameraMode":{"drawMode":0,"name":"Shaded","section":"Shading Mode"},"sceneLighting":true,"audioPlay":false,"sceneViewState":{"showFog":true,"showMaterialUpdate":true,"showSkybox":true,"showFlares":true,"showImageEffects":true,"showParticleSystems":true},"in2DMode":false,"pivot":{"x":0.06836371123790741,"y":2.836026191711426,"z":-13.547242164611817},"rotation":{"x":0.12083307653665543,"y":0.140827476978302,"z":-0.017515726387500764,"w":0.9824765920639038},"size":9.29236125946045,"orthographic":false}