{"cameraMode":{"drawMode":0,"name":"Shaded","section":"Shading Mode"},"sceneLighting":false,"audioPlay":false,"sceneViewState":{"showFog":true,"showMaterialUpdate":false,"showSkybox":true,"showFlares":true,"showImageEffects":true,"showParticleSystems":true},"in2DMode":false,"pivot":{"x":13.49388599395752,"y":3.1888225078582765,"z":7.572956085205078},"rotation":{"x":-0.029092809185385705,"y":0.00023995188530534506,"z":0.000007350849045906216,"w":0.99957674741745},"size":19.762983322143556,"orthographic":false}