{"cameraMode":{"drawMode":0,"name":"Shaded","section":"Shading Mode"},"sceneLighting":false,"audioPlay":false,"sceneViewState":{"showFog":true,"showMaterialUpdate":false,"showSkybox":true,"showFlares":true,"showImageEffects":true,"showParticleSystems":true},"in2DMode":false,"pivot":{"x":-0.022999998182058336,"y":2.2699999809265138,"z":-2.3499999046325685},"rotation":{"x":0.31471821665763857,"y":0.4045664668083191,"z":-0.15062005817890168,"w":0.8453354239463806},"size":3.5132856369018556,"orthographic":false}